{"stat.drop":12,"stat.fallOneCm":3112,"stat.flyOneCm":3857,"achievement.openInventory":29,"stat.mineBlock.18":4,"stat.jump":181,"achievement.exploreAllBiomes":{"value":0,"progress":["Taiga"]},"stat.killEntity.Squid":1,"stat.mobKills":2,"stat.useItem.1":1,"stat.mineBlock.175":3,"stat.damageTaken":1555,"stat.useItem.4":1,"stat.walkOneCm":31637,"stat.entityKilledBy.Zombie":1,"stat.deaths":1,"stat.killEntity.Chicken":1,"stat.climbOneCm":604,"stat.useItem.383":4,"stat.playOneMinute":15721,"stat.damageDealt":220}