{"stat.fallOneCm":9129,"stat.useItem.14":39,"achievement.openInventory":121,"stat.useItem.16":26,"stat.useItem.15":2,"stat.useItem.145":2,"stat.jump":622,"achievement.exploreAllBiomes":{"value":0,"progress":["Taiga"]},"stat.useItem.1":21,"stat.killEntity.Skeleton":4,"stat.mineBlock.56":2,"stat.useItem.58":1,"stat.damageTaken":4265,"stat.useItem.3":9,"stat.mineBlock.54":1,"stat.useItem.4":90,"stat.useItem.54":5,"stat.climbOneCm":604,"stat.useItem.56":2,"stat.useItem.383":19,"stat.killEntity.Blaze":1,"stat.entityKilledBy.Skeleton":1,"stat.damageDealt":1410,"stat.useItem.151":3,"stat.mineBlock.1":42,"stat.drop":62,"stat.useItem.130":4,"stat.mineBlock.3":43,"stat.useItem.137":1,"stat.mineBlock.18":4,"stat.useItem.278":102,"stat.mineBlock.17":2,"stat.useItem.331":8,"stat.killEntity.Squid":1,"stat.mineBlock.175":4,"stat.mineBlock.14":25,"stat.walkOneCm":198160,"stat.mineBlock.16":24,"stat.swimOneCm":103,"stat.entityKilledBy.Zombie":1,"stat.mineBlock.15":2,"stat.useItem.404":2,"achievement.mineWood":2,"stat.useItem.35":2,"stat.useItem.87":9,"stat.mobKills":8,"stat.killEntity.Chicken":2,"stat.useItem.72":2,"stat.deaths":3,"stat.useItem.76":1,"stat.mineBlock.35":1,"stat.useItem.123":1,"stat.useItem.259":52,"stat.useItem.158":1,"stat.flyOneCm":42832,"stat.useItem.356":9,"stat.mineBlock.21":2,"stat.useItem.69":4,"stat.useItem.116":1,"stat.playOneMinute":134432,"stat.useItem.21":2}